objectid,parentid,title,creator,format,filename,date,source,subject,description,publisher,location,rights,object_transcript,theme,latitude,longitude,location_context
camh-dob-030012,,"The Vicksburg Daily Times, Volume 1, Number 216","Manlove, Thomas Bolling; Moss, Harry",compound_object,camh-dob-030012_0001_pub.jpg,1867-03-05,Natchez Trace Collection; Dolph Briscoe Center for American History,"Reconstruction (U.S. history, 1865-1877); Politics and government; Criminal investigation; Sherman, John","Contains advertisements; regional, national, and international news; human-interest stories. Notable articles include the passing of the Military Reconstruction Acts (referred to as Sherman's Bill) in phases, the revival of military law in Mobile, Alabama, and local criminal activity. Researchers may find the two articles about the Military Reconstruction Acts useful for understanding the timeline of the Military Reconstruction Acts and the reunification of the Southern military into the Union; the article about revival of military law in Mobile might be found useful due to how it highlights the state of former Confederate soldiers in post-war Alabama.","Shannon, Harvey",Mississippi--Vicksburg; Washington (D.C.),Please contact the Briscoe Center for further information regarding the use of this material.,"",Military Reconstruction Act,32.3526,-90.8779,""
camh-dob-030012_0001,camh-dob-030012,"The Vicksburg Daily Times, Volume 1, Number 216, Page 1","Manlove, Thomas Bolling; Moss, Harry",image/jpeg,camh-dob-030012_0001_pub.jpg,1867-03-05,Natchez Trace Collection; Dolph Briscoe Center for American History,"Reconstruction (U.S. history, 1865-1877); Politics and government; Criminal investigation; Sherman, John","Contains Vicksburg business directory; details about Vicksburg professional services; regional, national, and international news; stock information; and advertisements. Notable articles include a notice that Sherman's Bill has passed to the desk of the president; and the arrest of a man named Stephens who was posing as a milk-woman. Researchers may find the article regarding Sherman's bill useful for understanding the first Military Reconstruction Act during the early stages of readmitting the Southern States into the Union.","Shannon, Harvey",Mississippi--Vicksburg; Washington (D.C.),Please contact the Briscoe Center for further information regarding the use of this material.,/OCR/camh-dob-030012_0001_pub.txt,Military Reconstruction Act,32.3526,-90.8779,""
camh-dob-030012_0002,camh-dob-030012,"The Vicksburg Daily Times, Volume 1, Number 216, Pages 2-3","Manlove, Thomas Bolling; Moss, Harry",image/jpeg,camh-dob-030012_0002_pub.jpg,1867-03-05,Natchez Trace Collection; Dolph Briscoe Center for American History,"Reconstruction (U.S. history, 1865-1877); Politics and government; Social legislation; Sherman, John",Contains regional and national news; human-interest stories; river news; notices and rewards; and advertisements. Notable articles include the revival of military law in Mobile and a new update regarding the Military Reconstruction Acts. Researchers may find the article regarding the revival of military law useful for understanding contemporary thoughts of the state of former Confederate soldiers in Alabama during the Reconstruction era.,"Shannon, Harvey",Mississippi--Vicksburg; Alabama--Mobile,Please contact the Briscoe Center for further information regarding the use of this material.,/OCR/camh-dob-030012_0002_pub.txt,Military Reconstruction Act,30.6954,-88.0399,revival of military law in Mobile
camh-dob-030012_0003,camh-dob-030012,"The Vicksburg Daily Times, Volume 1, Number 216, Page 4","Manlove, Thomas Bolling; Moss, Harry",image/jpeg,camh-dob-030012_0003_pub.jpg,1867-03-05,Natchez Trace Collection; Dolph Briscoe Center for American History,"Reconstruction (U.S. history, 1865-1877); Advertising; Freemasonry; Kuner, Max; Hubbard, H. H.","Contains Masonic Directory; trustee’s sales; advertisements for land agents purchasing, selling, and leasing lands; advertisements for machinery, railroads, medicines, other businesses and services. Researchers may find advertisements useful for understanding contemporary medicine, machinery, etc.","Shannon, Harvey",Mississippi--Vicksburg; Louisiana--New Orleans; Missouri--Saint Louis,Please contact the Briscoe Center for further information regarding the use of this material.,/OCR/camh-dob-030012_0003_pub.txt,Military Reconstruction Act,32.3526,-90.8779,""
camh-dob-030018,,"The Vicksburg Daily Times, Volume 1, Number 222","Manlove, Thomas Bolling; Moss, Harry",compound_object,camh-dob-030018_0001_pub.jpg,1867-03-12,Natchez Trace Collection; Dolph Briscoe Center for American History,"Reconstruction (U.S. history, 1865-1877); Military occupation; Lost Cause mythology; Johnson, Andrew, 1808-1875","Contains advertisements; regional, national, and international news; human-interest stories. Notable articles include commentary about the Military Bill and appointing generals to each district in the South to register voters; a letter to the editor expressing anxiety about the Military Bill; factionalism in Congress; how liberty as championed by the South is under threat by a tyrannical legislature; and how the Supreme Court and President will hopefully stop Congress' plans as proposed in the Military Bill. Researchers may find the discussion of the Military Bill useful for understanding southern perceptions of the military presence in the South during the Reconstruction Era; the letter to the editor about the Military Bill useful for understanding perpetuation of Lost Cause mythology in the South during Reconstruction.","Shannon, Harvey",Mississippi--Vicksburg; Washington (D.C.); Mississippi--Claiborne County,Please contact the Briscoe Center for further information regarding the use of this material.,"",Military Reconstruction Act,32.3526,-90.8779,""
camh-dob-030018_0001,camh-dob-030018,"The Vicksburg Daily Times, Volume 1, Number 222, Page 1","Manlove, Thomas Bolling; Moss, Harry",image/jpeg,camh-dob-030018_0001_pub.jpg,1867-03-12,Natchez Trace Collection; Dolph Briscoe Center for American History,"Reconstruction (U.S. history, 1865-1877); Military occupation; Politics and government; Johnson, Andrew, 1808-1875","Contains Vicksburg business directory; details about Vicksburg professional services; news covering stock information; regional, national, and international news; human-interest stories; and advertisements. Notable articles include the paper’s stated political stance; commentary about the Military Bill and appointing generals to each district in the South to register voters; comments about more suffering in the South as appropriations were all for loyalists and freedmen; and disparaging remarks about Radical Republicans’ policies. Researchers may find the discussion of the Military Bill useful for understanding Southern perceptions of the military presence in the South during the Reconstruction Era, and the discussion of Radical Republicans useful for understanding the continuing tension between the North and the South in the aftermath of the Civil War.","Shannon, Harvey",Mississippi--Vicksburg; Washington (D.C.),Please contact the Briscoe Center for further information regarding the use of this material.,/OCR/camh-dob-030018_0001_pub.txt,Military Reconstruction Act,32.3526,-90.8779,""
camh-dob-030018_0002,camh-dob-030018,"The Vicksburg Daily Times, Volume 1, Number 222, Pages 2-3","Manlove, Thomas Bolling; Moss, Harry",image/jpeg,camh-dob-030018_0002_pub.jpg,1867-03-12,Natchez Trace Collection; Dolph Briscoe Center for American History,"Reconstruction (U.S. history, 1865-1877); Military occupation; Liberty; Johnson, Andrew, 1808-1875","Contains regional and national news; human-interest stories; river news; notices and rewards; and advertisements. Notable articles include a letter to the editor expressing anxiety about the Military Bill, factionalism in Congress, how liberty as championed by the South is under threat by a tyrannical legislature, and how the Supreme Court and President will hopefully stop Congress' plans as proposed in the Military Bill. Researchers may find the discussion of railroad business useful for understanding dynamics of the railroad industry during the Reconstruction Era, and the letter to the editor about the Military Bill useful for understanding the perpetuation of Lost Cause mythology in the South during Reconstruction.","Shannon, Harvey",Mississippi--Vicksburg; Mississippi--Claiborne County; Tennessee--Memphis,Please contact the Briscoe Center for further information regarding the use of this material.,/OCR/camh-dob-030018_0002_pub.txt,Military Reconstruction Act,32.3526,-90.8779,""
camh-dob-030018_0003,camh-dob-030018,"The Vicksburg Daily Times, Volume 1, Number 222, Page 4","Manlove, Thomas Bolling; Moss, Harry",image/jpeg,camh-dob-030018_0003_pub.jpg,1867-03-12,Natchez Trace Collection; Dolph Briscoe Center for American History,"Reconstruction (U.S. history, 1865-1877); Advertising; Freemasonry; Kuner, Max; Hubbard, H. H.","Contains Masonic Directory; trustee’s sales; advertisements for land agents purchasing, selling, and leasing lands; advertisements for machinery, railroads, medicines, other businesses and services. Researchers may find advertisements useful for understanding contemporary medicine, machinery, etc.","Shannon, Harvey",Mississippi--Vicksburg; Louisiana--New Orleans; Missouri--Saint Louis,Please contact the Briscoe Center for further information regarding the use of this material.,/OCR/camh-dob-030018_0003_pub.txt,Military Reconstruction Act,32.3526,-90.8779,""
camh-dob-030006,,"The Vicksburg Daily Times, Volume 1, Number 210","Manlove, Thomas Bolling; Moss, Harry",compound_object,camh-dob-030006_0001_pub.jpg,1867-02-26,Natchez Trace Collection; Dolph Briscoe Center for American History,"Reconstruction (U.S. history, 1865-1877); Military occupation; Politics and government; Brown, Joseph E. (Joseph Emerson), 1821-1894; Seward, Frederick William, 1830-1915","Contains advertisements; regional, national, and international news; human-interest stories. Notable articles include a detailed summary of the Military Bill, which divided the South into military districts and was the first of the Military Reconstruction Acts; and political commentary opposing the bill. Researchers may find the frequent discussions of the Military Bill useful for understanding Southern perceptions of the military presence of the South in the Reconstruction Era and resentment toward Radical Republicans.","Shannon, Harvey",Mississippi--Vicksburg; Louisiana--New Orleans,Please contact the Briscoe Center for further information regarding the use of this material.,"",Military Reconstruction Act,32.3526,-90.8779,""
camh-dob-030006_0001,camh-dob-030006,"The Vicksburg Daily Times, Volume 1, Number 210, Page 1","Manlove, Thomas Bolling; Moss, Harry",image/jpeg,camh-dob-030006_0001_pub.jpg,1867-02-26,Natchez Trace Collection; Dolph Briscoe Center for American History,"Reconstruction (U.S. history, 1865-1877); Politics and government; Slave trade; Brown, Joseph E. (Joseph Emerson), 1821-1894","Contains Vicksburg business directory; details about Vicksburg professional services; news covering stock information; regional, national, and international news; human-interest stories; and advertisements. Notable articles include a summary of the Military Bill, which would divide the former Confederate states into five military districts and set new qualifications for voting; and a dispatch from New York that reports the importation of indentured laborers has made the illegal slave trade unprofitable in the West Indies. Researchers may find the discussion of the Military Bill useful for understanding Southern perceptions of the military presence in the South in the Reconstruction Era and resentment toward Radical Republicans.","Shannon, Harvey",Mississippi--Vicksburg; Louisiana--New Orleans; West Indies,Please contact the Briscoe Center for further information regarding the use of this material.,/OCR/camh-dob-030006_0001_pub.txt,Military Reconstruction Act,18.2208,-66.5901,illegal slave trade unprofitable in the West Indies
camh-dob-030006_0002,camh-dob-030006,"The Vicksburg Daily Times, Volume 1, Number 210, Pages 2-3","Manlove, Thomas Bolling; Moss, Harry",image/jpeg,camh-dob-030006_0002_pub.jpg,1867-02-26,Natchez Trace Collection; Dolph Briscoe Center for American History,"Reconstruction (U.S. history, 1865-1877); Legislation--U.S. states; Politics and government; Seward, Frederick William, 1830-1915",Contains regional and national news; human-interest stories; river news; notices and rewards; and advertisements. Notable articles include political commentary about the passage of the Military Bill and the conversion of Mississippi into a Territory; and a report on the failure of a secret mission involving Frederick Seward to purchase the island of St. Domingo for the United States. Researchers may find attitudes toward the Military Bill useful for understanding Southern Democrats' views on Reconstruction.,"Shannon, Harvey",Mississippi--Vicksburg; Mississippi; Dominican Republic,Please contact the Briscoe Center for further information regarding the use of this material.,/OCR/camh-dob-030006_0002_pub.txt,Military Reconstruction Act,18.4861,-69.9312,failure of a secret mission to purchase the island of St. Domingo
camh-dob-030006_0003,camh-dob-030006,"The Vicksburg Daily Times, Volume 1, Number 210, Page 4","Manlove, Thomas Bolling; Moss, Harry",image/jpeg,camh-dob-030006_0003_pub.jpg,1867-02-26,Natchez Trace Collection; Dolph Briscoe Center for American History,"Reconstruction (U.S. history, 1865-1877); Advertising; Freemasonry; Kuner, Max; Hubbard, H. H.","Contains Masonic Directory; trustee’s sales; advertisements for land agents purchasing, selling, and leasing lands; advertisements for machinery, railroads, medicines, other businesses and services. Researchers may find advertisements useful for understanding contemporary medicine, machinery, etc.","Shannon, Harvey",Mississippi--Vicksburg; Louisiana--New Orleans; Missouri--Saint Louis,Please contact the Briscoe Center for further information regarding the use of this material.,/OCR/camh-dob-030006_0003_pub.txt,Military Reconstruction Act,32.3526,-90.8779,""
camh-dob-030021,,"The Vicksburg Daily Times, Volume 1, Number 224","Manlove, Thomas Bolling; Moss, Harry",compound_object,camh-dob-030021_0001_pub.jpg,1867-03-14,Natchez Trace Collection; Dolph Briscoe Center for American History,"Reconstruction (U.S. history, 1865-1877); Military occupation; States' rights (American politics); Sheridan, Philip Henry, 1831-1888","Contains advertisements; regional, national, and international news; local news; human-interest stories. Notable articles include comments about military rule and Reconstruction; news about the Homestead Act and Bankrupt Bill; how a proposed asylum for disabled people and African Americans would harm manufacturing interests in the area. Researchers may find commentary about States' rights, Reconstruction and the Military Bill useful for understanding the South’s Lost Cause mythology and States' rights narratives; comments about the Homestead Act and Bankrupt Bill useful for understanding Reconstruction Era legislation; and comments about the proposed asylum useful for understanding contemporary racist and ableist attitudes toward African Americans and the disabled community as sources of exploitable labor.","Shannon, Harvey",Mississippi--Vicksburg; Louisiana--New Orleans,Please contact the Briscoe Center for further information regarding the use of this material.,"",Military Reconstruction Act,32.3526,-90.8779,""
camh-dob-030021_0001,camh-dob-030021,"The Vicksburg Daily Times, Volume 1, Number 224, Page 1","Manlove, Thomas Bolling; Moss, Harry",image/jpeg,camh-dob-030021_0001_pub.jpg,1867-03-14,Natchez Trace Collection; Dolph Briscoe Center for American History,"Reconstruction (U.S. history, 1865-1877); Land settlement; Military occupation; Johnson, Andrew, 1808-1875; Schofield, John McAllister, 1831-1906","Contains Vicksburg business directory; details about Vicksburg professional services; news covering stock information; regional, national, and international news; human-interest stories; and advertisements. Notable articles include the paper’s stated political stance; news about the Homestead Act; comments about the Judiciary Committee submitting a bill clarifying that the Brigadier General cannot delegate his powers to governors in states under military rule; and the Reconstruction Act’s mandate to register every voter in the five military districts. Researchers may find comments about the Homestead Act useful for understanding land appropriation in the South during Reconstruction; comments about the Brigadier General’s inability to delegate powers to governors useful for understanding application of the Military Act in the South; and comments about registering every voter in military districts useful for understanding the purpose of the Reconstruction Act and its application in the South.","Shannon, Harvey",Mississippi--Vicksburg; Louisiana--New Orleans; Missouri--Saint Louis,Please contact the Briscoe Center for further information regarding the use of this material.,/OCR/camh-dob-030021_0001_pub.txt,Military Reconstruction Act,32.3526,-90.8779,""
camh-dob-030021_0002,camh-dob-030021,"The Vicksburg Daily Times, Volume 1, Number 224, Pages 2-3","Manlove, Thomas Bolling; Moss, Harry",image/jpeg,camh-dob-030021_0002_pub.jpg,1867-03-14,Natchez Trace Collection; Dolph Briscoe Center for American History,"Reconstruction (U.S. history, 1865-1877); Discrimination; Military occupation; Sheridan, Philip Henry, 1831-1888; Johnson, Andrew, 1808-1875","Contains regional and national news; human-interest stories; river news; notices and rewards; advertisements. Notable articles include news about plans to build an asylum in Lynchburg, Virginia for disabled persons and African Americans, and how this would harm manufacturing interests in the area; comments about a convention in Virginia planning to challenge the Military Bill; a story about the aftermath of the New Orleans riot and questioning the Brigadier General of the Fifth Military District. Researchers may find the comments about the proposed asylum useful for understanding contemporary racist and ableist attitudes toward African Americans and the disabled community as sources of exploitable labor; the summary of the Bankrupt Bill useful for understanding evolving legal approaches to bankruptcy; and the story about the 1866 New Orleans riot useful for understanding northerners’ attitudes toward southerners.","Shannon, Harvey",Mississippi--Vicksburg; Virginia--Lynchburg; Louisiana--New Orleans,Please contact the Briscoe Center for further information regarding the use of this material.,/OCR/camh-dob-030021_0002_pub.txt,Military Reconstruction Act,37.4138,-79.1422,plans to build an asylum in Lynchburg; story about the aftermath of the New Orleans riot
camh-dob-030021_0003,camh-dob-030021,"The Vicksburg Daily Times, Volume 1, Number 224, Page 4","Manlove, Thomas Bolling; Moss, Harry",image/jpeg,camh-dob-030021_0003_pub.jpg,1867-03-14,Natchez Trace Collection; Dolph Briscoe Center for American History,"Reconstruction (U.S. history, 1865-1877); Advertising; Freemasonry; Kuner, Max; Hubbard, H. H.","Contains Masonic Directory; trustee’s sales; advertisements for land agents purchasing, selling, and leasing lands; advertisements for machinery, railroads, medicines, other businesses and services. Researchers may find advertisements useful for understanding contemporary medicine, machinery, etc.","Shannon, Harvey",Mississippi--Vicksburg; Louisiana--New Orleans; Missouri--Saint Louis,Please contact the Briscoe Center for further information regarding the use of this material.,/OCR/camh-dob-030021_0003_pub.txt,Military Reconstruction Act,32.3526,-90.8779,""
camh-dob-030011,,"The Vicksburg Daily Times, Volume 1, Number 215","Manlove, Thomas Bolling; Moss, Harry",compound_object,camh-dob-030011_0001_pub.jpg,1867-03-03,Natchez Trace Collection; Dolph Briscoe Center for American History,"Reconstruction (U.S. history, 1865-1877); Politics and government; Military occupation; Johnson, Andrew, 1808-1875","Contains advertisements; regional, national, and international news; human-interest stories. Notable articles include comments about military rule; the President working on a veto of the Military Bill; comments about impeachment proceedings; news that the Educational Bureau Bill passed; and political commentary opposed to granting married women property rights. Researchers may find discussion of the Military Bill and comments about impeachment useful for understanding the President’s opposition to the Military Bill and the impeachment proceedings launched against him by the Republicans; the mention of the Educational Bureau Bill useful for contextualizing the history of public education in the United States; and the comments about women owning property useful for understanding contemporary attitudes toward women.","Shannon, Harvey",Mississippi--Vicksburg; Washington (D.C.)--Capitol Hill; Alabama--Selma,Please contact the Briscoe Center for further information regarding the use of this material.,"",Military Reconstruction Act,32.3526,-90.8779,""
camh-dob-030011_0001,camh-dob-030011,"The Vicksburg Daily Times, Volume 1, Number 215, Page 1","Manlove, Thomas Bolling; Moss, Harry",image/jpeg,camh-dob-030011_0001_pub.jpg,1867-03-03,Natchez Trace Collection; Dolph Briscoe Center for American History,"Reconstruction (U.S. history, 1865-1877); Military occupation; Politics and government; Johnson, Andrew, 1808-1875","Contains Vicksburg business directory; details about Vicksburg professional services; regional, national, and international news; stock information; human-interest stories; and advertisements. Notable articles include speculation that the President was working on the veto of the Military Bill and in coordination with the Attorney General; news about the impeachment committee; news that the Educational Department Bill was passed; comments about an amendment to the Military Bill that would disband the militias of each southern state; and other congressional news. Researchers may find discussion of the Military Bill and comments about impeachment useful for understanding the President’s opposition to the Military Bill and the impeachment proceedings against him launched by the Republicans; and the mention of the Educational Bureau Bill useful for contextualizing the history of public education in the United States.","Shannon, Harvey",Mississippi--Vicksburg; Alabama--Selma,Please contact the Briscoe Center for further information regarding the use of this material.,/OCR/camh-dob-030011_0001_pub.txt,Military Reconstruction Act,32.3526,-90.8779,""
camh-dob-030011_0002,camh-dob-030011,"The Vicksburg Daily Times, Volume 1, Number 215, Pages 2-3","Manlove, Thomas Bolling; Moss, Harry",image/jpeg,camh-dob-030011_0002_pub.jpg,1867-03-03,Natchez Trace Collection; Dolph Briscoe Center for American History,"Reconstruction (U.S. history, 1865-1877); Politics and government; Women--Legal status, laws, etc.; Johnson, Andrew, 1808-1875",Contains regional and national news; human-interest stories; river news; notices and rewards; and advertisements. Notable articles include political commentary opposed to granting married women property rights and hope that the Supreme Court will correct the perceived injustice inflicted upon the Democratic minority by the Republican majority in Congress. Researchers may find the comments about women owning property useful for understanding contemporary attitudes toward women; and the discussion of Radical Republicans useful for understanding the continuing tension between the North and the South in the aftermath of the Civil War.,"Shannon, Harvey",Mississippi--Vicksburg; Washington (D.C.)--Capitol Hill,Please contact the Briscoe Center for further information regarding the use of this material.,/OCR/camh-dob-030011_0002_pub.txt,Military Reconstruction Act,32.3526,-90.8779,""
camh-dob-030011_0003,camh-dob-030011,"The Vicksburg Daily Times, Volume 1, Number 215, Page 4","Manlove, Thomas Bolling; Moss, Harry",image/jpeg,camh-dob-030011_0003_pub.jpg,1867-03-03,Natchez Trace Collection; Dolph Briscoe Center for American History,"Reconstruction (U.S. history, 1865-1877); Advertising; Freemasonry; Kuner, Max; Hubbard, H. H.","Contains Masonic Directory; trustee’s sales; advertisements for land agents purchasing, selling, and leasing lands; advertisements for machinery, railroads, medicines, other businesses and services. Researchers may find advertisements useful for understanding contemporary medicine, machinery, etc.","Shannon, Harvey",Mississippi--Vicksburg; Louisiana--New Orleans; Missouri--Saint Louis,Please contact the Briscoe Center for further information regarding the use of this material.,/OCR/camh-dob-030011_0003_pub.txt,Military Reconstruction Act,32.3526,-90.8779,""
camh-dob-030029,,"The Vicksburg Daily Times, Volume 1, Number 232","Manlove, Thomas Bolling; Moss, Harry",compound_object,camh-dob-030029_0001_pub.jpg,1867-03-23,Natchez Trace Collection; Dolph Briscoe Center for American History,"Reconstruction (U.S. history, 1865-1877); African Americans--Suffrage; Politics and government; Flowerree, C. C. (Charles Conway), 1842-1929; Schofield, John McAllister, 1831-1906","Contains advertisements; regional, national, and international news; human-interest stories. Notable articles include a dispatch from Washington D.C. reporting that African Americans were registering to vote in large numbers; an order from General J.M. Schofield establishing military command over Virginia; and a reprinted letter from Judge Robb vehemently opposing African American suffrage. Researchers may find the discussions of military governance and voter registration useful for understanding the implementation of Radical Reconstruction; and attitudes toward African American suffrage useful for understanding persistent racism in the South during the Reconstruction Era.","Shannon, Harvey",Mississippi--Vicksburg; Washington (D.C.); Louisiana--New Orleans,Please contact the Briscoe Center for further information regarding the use of this material.,"",African American Suffrage,38.9072,-77.0369,dispatch from Washington D.C. reporting that African Americans are registering to vote
camh-dob-030029_0001,camh-dob-030029,"The Vicksburg Daily Times, Volume 1, Number 232, Page 1","Manlove, Thomas Bolling; Moss, Harry",image/jpeg,camh-dob-030029_0001_pub.jpg,1867-03-23,Natchez Trace Collection; Dolph Briscoe Center for American History,"Reconstruction (U.S. history, 1865-1877); African Americans--Suffrage; Military leadership; Schofield, John McAllister, 1831-1906","Contains Vicksburg business directory; details about Vicksburg professional services; news covering stock information; regional, national, and international news; human-interest stories; and advertisements. Notable articles include a dispatch from Washington D.C. reporting that African Americans are registering to vote in large numbers while white citizens show little interest; and an order from General J.M. Schofield assuming command of the First Military District in Virginia. Researchers may find the discussion of voter registration useful for understanding African American political engagement during the Reconstruction Era.","Shannon, Harvey",Mississippi--Vicksburg; Washington (D.C.),Please contact the Briscoe Center for further information regarding the use of this material.,/OCR/camh-dob-030029_0001_pub.txt,African American Suffrage,38.9072,-77.0369,dispatch from Washington D.C. reporting that African Americans are registering to vote
camh-dob-030029_0002,camh-dob-030029,"The Vicksburg Daily Times, Volume 1, Number 232, Pages 2-3","Manlove, Thomas Bolling; Moss, Harry",image/jpeg,camh-dob-030029_0002_pub.jpg,1867-03-23,Natchez Trace Collection; Dolph Briscoe Center for American History,"Reconstruction (U.S. history, 1865-1877); Politics and government; Battle of Gettysburg (Gettysburg, Pennsylvania : 1863); Flowerree, C. C. (Charles Conway), 1842-1929","Contains regional and national news; human-interest stories; river news; notices and rewards; and advertisements. Notable articles include a reprinted letter from Judge Robb to the Mississippian arguing against African American suffrage, calling it an unmitigated evil; and a letter from Colonel C.C. Flowerree defending the actions of Pickett's Division at the Battle of Gettysburg. Researchers may find attitudes toward African American suffrage useful for understanding persistent racism in the South during Reconstruction; and the letter regarding Pickett's division useful for understanding how Civil War battles were remembered and debated in the immediate aftermath of the conflict.","Shannon, Harvey",Mississippi--Vicksburg; Pennsylvania--Gettysburg,Please contact the Briscoe Center for further information regarding the use of this material.,/OCR/camh-dob-030029_0002_pub.txt,African American Suffrage,39.8309,-77.2311,letter defending the actions of Pickett's Division at the Battle of Gettysburg
camh-dob-030029_0003,camh-dob-030029,"The Vicksburg Daily Times, Volume 1, Number 232, Page 4","Manlove, Thomas Bolling; Moss, Harry",image/jpeg,camh-dob-030029_0003_pub.jpg,1867-03-23,Natchez Trace Collection; Dolph Briscoe Center for American History,"Reconstruction (U.S. history, 1865-1877); Advertising; Freemasonry; Kuner, Max; Hubbard, H. H.","Contains Masonic Directory; trustee’s sales; advertisements for land agents purchasing, selling, and leasing lands; advertisements for machinery, railroads, medicines, other businesses and services. Researchers may find advertisements useful for understanding contemporary medicine, machinery, etc.","Shannon, Harvey",Mississippi--Vicksburg; Louisiana--New Orleans; Missouri--Saint Louis,Please contact the Briscoe Center for further information regarding the use of this material.,/OCR/camh-dob-030029_0003_pub.txt,African American Suffrage,32.3526,-90.8779,""
camh-dob-030020,,"The Vicksburg Daily Times, Volume 1, Number 223","Manlove, Thomas Bolling; Moss, Harry",compound_object,camh-dob-030020_0001_pub.jpg,1867-03-13,Natchez Trace Collection; Dolph Briscoe Center for American History,"Reconstruction (U.S. history, 1865-1877); Military occupation; States' rights (American politics); Johnson, Andrew, 1808-1875","Contains advertisements; regional, national, and international news; human-interest stories. Notable articles include comments about military rule and Reconstruction; commentary about the South’s opposition to African American suffrage which southerners consider morally wrong. Researchers may find commentary about States' rights, Reconstruction and the Military Bill useful for understanding the South’s Lost Cause mythology and States' rights narratives; attitudes toward African American suffrage useful for understanding southerners’ attempt to reframe implementation of African American suffrage as an issue of States' rights within the context of persistent racism in the South during Reconstruction.","Shannon, Harvey",Mississippi--Vicksburg; Louisiana--New Orleans,Please contact the Briscoe Center for further information regarding the use of this material.,"",African American Suffrage,32.3526,-90.8779,""
camh-dob-030020_0001,camh-dob-030020,"The Vicksburg Daily Times, Volume 1, Number 223, Page 1","Manlove, Thomas Bolling; Moss, Harry",image/jpeg,camh-dob-030020_0001_pub.jpg,1867-03-13,Natchez Trace Collection; Dolph Briscoe Center for American History,"Reconstruction (U.S. history, 1865-1877); Military occupation; Politics and government; Sickles, Daniel Edgar, 1819-1914; Johnson, Andrew, 1808-1875","Contains Vicksburg business directory; details about Vicksburg professional services; news covering stock information; regional, national, and international news; human-interest stories; and advertisements. Notable articles include the paper’s stated political stance; comments about river approaching 1847 flood level; discussion about the appointment of Brigadiers General to command the five districts in the South as mandated by the Reconstruction Act; and a call for arranging a National Democratic Convention to address the need to gain confidence in the Democratic party to challenge the Radical Republicans. Researchers may find comments about military command of the five Southern districts useful for understanding Southern perceptions of the military presence in the South during Reconstruction, and the discussion of Radical Republicans and the call for a National Democratic Convention useful for understanding the continuing tension between the North and the South in the aftermath of the Civil War.","Shannon, Harvey",Mississippi--Vicksburg; Louisiana--New Orleans,Please contact the Briscoe Center for further information regarding the use of this material.,/OCR/camh-dob-030020_0001_pub.txt,African American Suffrage,32.3526,-90.8779,""
camh-dob-030020_0002,camh-dob-030020,"The Vicksburg Daily Times, Volume 1, Number 223, Pages 2-3","Manlove, Thomas Bolling; Moss, Harry",image/jpeg,camh-dob-030020_0002_pub.jpg,1867-03-13,Natchez Trace Collection; Dolph Briscoe Center for American History,"Reconstruction (U.S. history, 1865-1877); Military occupation; African Americans--Suffrage; Johnson, Andrew, 1808-1875",Contains regional and national news; human-interest stories; river news; notices and rewards; and advertisements. Notable articles include commentary about the South’s opposition to African American suffrage which southerners consider morally wrong; an excerpt from The Savannah Republic lamenting the South’s inability to manage their own interests as a result of the Republican policies; advice from the Richmond Dispatch to show Brigadiers how harmonious life is in the South as an argument against military rule and a rallying cry not to abandon the South’s cause. Researchers may find attitudes toward African American suffrage useful for understanding southerners’ attempt to reframe implementation of African American suffrage as an issue of States' rights within the context of persistent racism in the South during Reconstruction; comments about military command useful for understanding southern perceptions of the military presence in the South during Reconstruction; and discussion of Radical Republicans useful for understanding the continuing tension between the North and South in the aftermath of the Civil War.,"Shannon, Harvey",Mississippi--Vicksburg; Georgia--Savannah,Please contact the Briscoe Center for further information regarding the use of this material.,/OCR/camh-dob-030020_0002_pub.txt,African American Suffrage,32.0809,-81.0912,excerpt from The Savannah Republic
camh-dob-030020_0003,camh-dob-030020,"The Vicksburg Daily Times, Volume 1, Number 223, Page 4","Manlove, Thomas Bolling; Moss, Harry",image/jpeg,camh-dob-030020_0003_pub.jpg,1867-03-13,Natchez Trace Collection; Dolph Briscoe Center for American History,"Reconstruction (U.S. history, 1865-1877); Advertising; Freemasonry; Kuner, Max; Hubbard, H. H.","Contains Masonic Directory; trustee’s sales; advertisements for land agents purchasing, selling, and leasing lands; advertisements for machinery, railroads, medicines, other businesses and services. Researchers may find advertisements useful for understanding contemporary medicine, machinery, etc.","Shannon, Harvey",Mississippi--Vicksburg; Louisiana--New Orleans; Missouri--Saint Louis,Please contact the Briscoe Center for further information regarding the use of this material.,/OCR/camh-dob-030020_0003_pub.txt,African American Suffrage,32.3526,-90.8779,""
camh-dob-030033,,"The Vicksburg Daily Times, Volume 1, Number 236","Manlove, Thomas Bolling; Moss, Harry",compound_object,camh-dob-030033_0001_pub.jpg,1867-03-28,Natchez Trace Collection; Dolph Briscoe Center for American History,"Reconstruction (U.S. history, 1865-1877); Racism; Military occupation; Wilson, Henry, 1812-1875; Maximilian, Emperor of Mexico, 1832-1867","Contains advertisements; regional, national, and international news; human-interest stories. Notable articles include a letter from Senator Henry Wilson regarding those who engaged in the rebellion as disenfranchised and discouraging them from voting; an order from General Sickle establishing his directive to suppress disorder by allowing limited local tribunals to commence and allowing local laws and civil offices to continue within the consent of the government; and an excerpt from the Richmond Times encouraging people to influence African American voters because they shouldn’t be trusted to make their own choices. Researchers may find the letter from Senator Wilson useful for understanding the sentiments of the North towards the South in the Reconstruction Era; the order suppressing disorder useful for understanding Southern perceptions of the military presence in the South during the Reconstruction Era; and the excerpt on influencing African American voters useful for understanding persistent racism in the South and among Democrats during the Reconstruction Era.","Shannon, Harvey",Mississippi--Vicksburg; Missouri--Saint Louis; Mexico,Please contact the Briscoe Center for further information regarding the use of this material.,"",African American Suffrage,29.9511,-90.0715,General Sheridan removing the Mayor of New Orleans and other officials
camh-dob-030033_0001,camh-dob-030033,"The Vicksburg Daily Times, Volume 1, Number 236, Page 1","Manlove, Thomas Bolling; Moss, Harry",image/jpeg,camh-dob-030033_0001_pub.jpg,1867-03-28,Natchez Trace Collection; Dolph Briscoe Center for American History,"Reconstruction (U.S. history, 1865-1877); European Intervention in Mexico (Mexico : 1861-1867); Military occupation; Wilson, Henry, 1812-1875; Maximilian, Emperor of Mexico, 1832-1867","Contains Vicksburg business directory; details about Vicksburg professional services; news covering stock information; regional, national, and international news; human-interest stories; and advertisements. Notable articles include the paper’s stated political stance; a letter from Senator Henry Wilson regarding those who engaged in the rebellion as disenfranchised and discouraging them from voting; reports on the European Intervention in Mexico; and an order from General Sickle establishing his directive to suppress disorder by allowing limited local tribunals to commence and allowing local laws and civil offices to continue within the consent of the government. Researchers may find the directory and publisher’s description useful for understanding Vicksburg’s commercial landscape and the newspaper’s orientation; the commentary on the Mexican war useful for their understanding of U.S. international relations during the Reconstruction Era; the order suppressing disorder useful for understanding Southern perceptions of the military presence in the South during the Reconstruction Era; and the letter from Senator Wilson useful for understanding the sentiments of the North towards the South in the Reconstruction Era.","Shannon, Harvey",Mississippi--Vicksburg; Mexico; Missouri--Saint Louis,Please contact the Briscoe Center for further information regarding the use of this material.,/OCR/camh-dob-030033_0001_pub.txt,African American Suffrage,19.4326,-99.1332,reports on the European Intervention in Mexico
camh-dob-030033_0002,camh-dob-030033,"The Vicksburg Daily Times, Volume 1, Number 236, Pages 2-3","Manlove, Thomas Bolling; Moss, Harry",image/jpeg,camh-dob-030033_0002_pub.jpg,1867-03-28,Natchez Trace Collection; Dolph Briscoe Center for American History,"Reconstruction (U.S. history, 1865-1877); Racism; African Americans--Suffrage; Templeton, Alice Vane, 1838 or 1839-1904; Davis, Jefferson, 1808-1889","Contains regional and national news; human-interest stories; river news; notices and rewards; and advertisements. Notable articles include an excerpt from the Richmond Times encouraging people to influence African American voters because they shouldn’t be trusted to make their own choices; and a note in the river news mentions the population of Chattanooga, Tennessee starving due to recent flooding. Researchers may find the excerpt on influencing African American voters useful for understanding persistent racism in the South and in Democrats during the Reconstruction Era.","Shannon, Harvey",Mississippi--Vicksburg; Tennessee--Chattanooga; Louisiana--New Orleans,Please contact the Briscoe Center for further information regarding the use of this material.,/OCR/camh-dob-030033_0002_pub.txt,African American Suffrage,35.0456,-85.3097,population of Chattanooga starving due to recent flooding
camh-dob-030033_0003,camh-dob-030033,"The Vicksburg Daily Times, Volume 1, Number 236, Page 4","Manlove, Thomas Bolling; Moss, Harry",image/jpeg,camh-dob-030033_0003_pub.jpg,1867-03-28,Natchez Trace Collection; Dolph Briscoe Center for American History,"Reconstruction (U.S. history, 1865-1877); Advertising; Freemasonry; Kuner, Max; Costar, Henry R.","Contains Masonic Directory; trustee’s sales; advertisements for land agents purchasing, selling, and leasing lands; advertisements for machinery, railroads, medicines, other businesses and services. Researchers may find advertisements useful for understanding contemporary medicine, machinery, etc.","Shannon, Harvey",Mississippi--Vicksburg; Louisiana--New Orleans; Missouri--Saint Louis,Please contact the Briscoe Center for further information regarding the use of this material.,/OCR/camh-dob-030033_0003_pub.txt,African American Suffrage,32.3526,-90.8779,""
camh-dob-030038,,"The Vicksburg Daily Times, Volume 1, Number 241","Manlove, Thomas Bolling; Moss, Harry",compound_object,camh-dob-030038_0001_pub.jpg,1867-04-03,Natchez Trace Collection; Dolph Briscoe Center for American History,"Reconstruction (U.S. history, 1865-1877); African Americans--Suffrage; Municipal government; Wilson, Henry, 1812-1875; Sumner, Charles, 1811-1874","Contains advertisements; regional, national, and international news; human-interest stories. Notable articles include a U.S. Senate bill to regulate the elective franchise under the Fourteenth Amendment; extensive river reports (Yazoo, Mississippi) describing flooding and commerce impacts; and Vicksburg city council proceedings. Researchers may find debates over African American suffrage and local governance useful for understanding Reconstruction-era politics and civic life.","Shannon, Harvey",Mississippi--Vicksburg; Pennsylvania--Philadelphia; Missouri--Saint Louis,Please contact the Briscoe Center for further information regarding the use of this material.,"",African American Suffrage,32.3526,-90.8779,""
camh-dob-030038_0001,camh-dob-030038,"The Vicksburg Daily Times, Volume 1, Number 241, Page 1","Manlove, Thomas Bolling; Moss, Harry",image/jpeg,camh-dob-030038_0001_pub.jpg,1867-04-03,Natchez Trace Collection; Dolph Briscoe Center for American History,"Reconstruction (U.S. history, 1865-1877); Advertising; States' rights (American politics); Lee, John; Slaughter, R. C.","Contains Vicksburg business directory; details about Vicksburg professional services; a description of The Vicksburg Times; and advertisements. Notable articles include the absence of normal front page news articles, and instead a focus on subscription and advertising rate cards; a dominant description of the paper’s stated political stance; and prominent listings of attorneys, engineers, commission merchants, and physicians. Researchers may find the absence of front-page news items and the publisher’s stated political stance useful for understanding the newspaper’s political orientation.","Shannon, Harvey",Mississippi--Vicksburg; Pennsylvania--Philadelphia,Please contact the Briscoe Center for further information regarding the use of this material.,/OCR/camh-dob-030038_0001_pub.txt,African American Suffrage,32.3526,-90.8779,""
camh-dob-030038_0002,camh-dob-030038,"The Vicksburg Daily Times, Volume 1, Number 241, Pages 2-3","Manlove, Thomas Bolling; Moss, Harry",image/jpeg,camh-dob-030038_0002_pub.jpg,1867-04-03,Natchez Trace Collection; Dolph Briscoe Center for American History,"Reconstruction (U.S. history, 1865-1877); African Americans--Suffrage; Municipal government; Wilson, Henry, 1812-1875; Sumner, Charles, 1811-1874","Contains regional and national news; stock information; human-interest stories; river news; notices and rewards; and advertisements. Notable articles include Senator Henry Wilson’s bill to regulate suffrage under the Fourteenth Amendment; the burning of the steamer Alabama; the destruction by fire of St. Louis’s Lindell House; Chicago’s lake tunnel celebration; detailed river levels, flood damage, levee conditions, and active steamboat schedules; Vicksburg Prices Current, gold and exchange quotes; and minutes of the Vicksburg City Council. Researchers may find political debates on African American suffrage and municipal proceedings useful for understanding Reconstruction governance, while river coverage and the prices table illuminate transportation and the regional economy.","Shannon, Harvey",Mississippi--Vicksburg; Missouri--Saint Louis; Illinois--Chicago,Please contact the Briscoe Center for further information regarding the use of this material.,/OCR/camh-dob-030038_0002_pub.txt,African American Suffrage,41.8781,-87.6298,Chicago's lake tunnel celebration; destruction by fire of St. Louis's Lindell House
camh-dob-030038_0003,camh-dob-030038,"The Vicksburg Daily Times, Volume 1, Number 241, Page 4","Manlove, Thomas Bolling; Moss, Harry",image/jpeg,camh-dob-030038_0003_pub.jpg,1867-04-03,Natchez Trace Collection; Dolph Briscoe Center for American History,"Reconstruction (U.S. history, 1865-1877); Advertising; Freemasonry; Kuner, Max; Hubbard, H. H.","Contains Masonic Directory; trustee’s sales; advertisements for land agents purchasing, selling, and leasing lands; advertisements for machinery, railroads, medicines, other businesses and services. Researchers may find advertisements useful for understanding contemporary medicine, machinery, etc.","Shannon, Harvey",Mississippi--Vicksburg; Louisiana--New Orleans; Missouri--Saint Louis,Please contact the Briscoe Center for further information regarding the use of this material.,/OCR/camh-dob-030038_0003_pub.txt,African American Suffrage,32.3526,-90.8779,""
camh-dob-030015,,"The Vicksburg Daily Times, Volume 1, Number 219","Manlove, Thomas Bolling; Moss, Harry",compound_object,camh-dob-030015_0001_pub.jpg,1867-03-08,Natchez Trace Collection; Dolph Briscoe Center for American History,"Reconstruction (U.S. history, 1865-1877); War reparations; African Americans--Suffrage; United States. Congress","Contains advertisements; regional, national, and international news; human-interest stories. Notable articles include the contesting of the African American vote in Alexandria, Louisiana and war reparations being passed in Congress. Researchers may find this issue useful for understanding congressional reparations being passed in the aftermath of the American Civil War and how African American voters were treated in the South.","Shannon, Harvey",Mississippi--Vicksburg; Louisiana--Alexandria,Please contact the Briscoe Center for further information regarding the use of this material.,"",African American Suffrage,31.3113,-92.4451,contesting of the African American vote in Alexandria
camh-dob-030015_0001,camh-dob-030015,"The Vicksburg Daily Times, Volume 1, Number 219, Page 1","Manlove, Thomas Bolling; Moss, Harry",image/jpeg,camh-dob-030015_0001_pub.jpg,1867-03-08,Natchez Trace Collection; Dolph Briscoe Center for American History,"Reconstruction (U.S. history, 1865-1877); War reparations; Politics and government; United States. Congress","Contains Vicksburg business directory; details about Vicksburg professional services; regional, national, and international news; stock information; and advertisements. Notable articles include a telegraphic news article that states that the African American vote has been taken separately from the white vote and will be contested, in addition to the passing of a bill repudiating debts due to Southern men who sided with the confederacy. Researchers may find this useful for understanding African American Suffrage and voter's rights in addition to the perpetuation of Lost Cause mythology in conjunction with war reparations.","Shannon, Harvey",Mississippi--Vicksburg; Washington (D.C.),Please contact the Briscoe Center for further information regarding the use of this material.,/OCR/camh-dob-030015_0001_pub.txt,African American Suffrage,32.3526,-90.8779,""
camh-dob-030015_0002,camh-dob-030015,"The Vicksburg Daily Times, Volume 1, Number 219, Pages 2-3","Manlove, Thomas Bolling; Moss, Harry",image/jpeg,camh-dob-030015_0002_pub.jpg,1867-03-08,Natchez Trace Collection; Dolph Briscoe Center for American History,"Reconstruction (U.S. history, 1865-1877); War reparations; Politics and government; United States. Congress","Contains regional and national news; human-interest stories; notices and rewards; and advertisements. Notable articles include a bill repudiating debts due to Southern men who sided with the confederacy having been passed by both houses, a speculative piece on how the South will proceed in the aftermath of the war, and the proceedings of the Merchants' meeting. Researchers may find the article about repudiating debts useful for understanding reparations in the South after the American Civil War.","Shannon, Harvey",Mississippi--Vicksburg; Washington (D.C.),Please contact the Briscoe Center for further information regarding the use of this material.,/OCR/camh-dob-030015_0002_pub.txt,African American Suffrage,32.3526,-90.8779,""
camh-dob-030015_0003,camh-dob-030015,"The Vicksburg Daily Times, Volume 1, Number 219, Page 4","Manlove, Thomas Bolling; Moss, Harry",image/jpeg,camh-dob-030015_0003_pub.jpg,1867-03-08,Natchez Trace Collection; Dolph Briscoe Center for American History,"Reconstruction (U.S. history, 1865-1877); Advertising; Freemasonry; Kuner, Max; Hubbard, H. H.","Contains Masonic Directory; trustee’s sales; advertisements for land agents purchasing, selling, and leasing lands; advertisements for machinery, railroads, medicines, other businesses and services. Researchers may find advertisements useful for understanding contemporary medicine, machinery, etc.","Shannon, Harvey",Mississippi--Vicksburg; Louisiana--New Orleans; Missouri--Saint Louis,Please contact the Briscoe Center for further information regarding the use of this material.,/OCR/camh-dob-030015_0003_pub.txt,African American Suffrage,32.3526,-90.8779,""
camh-dob-030034,,"The Vicksburg Daily Times, Volume 1, Number 237","Manlove, Thomas Bolling; Moss, Harry",compound_object,camh-dob-030034_0001_pub.jpg,1867-03-29,Natchez Trace Collection; Dolph Briscoe Center for American History,"Reconstruction (U.S. history, 1865-1877); Military occupation; Lost Cause mythology; Sheridan, Philip Henry, 1831-1888; Lincoln, Abraham, 1809-1865","Contains advertisements; regional, national, and international news; human-interest stories. Notable articles include the paper’s stated political stance; an editor’s note on the scarcity of the columns due to the Military Bill; a report on General Sheridan removing the Attorney General of Louisiana, the Mayor of New Orleans, and the First District Court Judge of New Orleans from their offices; reports of a meeting of African Americans who were advised to be careful with who they vote for; an opinion piece on the military occupation of the South and the belief it will not end; a report on the continuing deliberation over the adjournment of Congress; and a congressional review of the evidence surrounding the Lincoln assassination. Researchers may find the directory and publisher’s description useful for understanding Vicksburg’s commercial landscape and the newspaper’s orientation; the letter to the editor about the Military Bill useful for understanding the perpetuation of Lost Cause mythology in the South during Reconstruction; and the removal of state officials from office useful for understanding southern perceptions of the military presence in the South during the Reconstruction Era.","Shannon, Harvey",Mississippi--Vicksburg; Louisiana--New Orleans; Georgia--Savannah,Please contact the Briscoe Center for further information regarding the use of this material.,"",Southern Lost Cause Mentality,29.9511,-90.0715,General Sheridan removing the Mayor of New Orleans
camh-dob-030034_0001,camh-dob-030034,"The Vicksburg Daily Times, Volume 1, Number 237, Page 1","Manlove, Thomas Bolling; Moss, Harry",image/jpeg,camh-dob-030034_0001_pub.jpg,1867-03-29,Natchez Trace Collection; Dolph Briscoe Center for American History,"Reconstruction (U.S. history, 1865-1877); Advertising; States' rights (American politics); Lee, John; Slaughter, R. C.","Contains Vicksburg business directory; details about Vicksburg professional services; a description of The Vicksburg Times; and advertisements. Notable articles include the absence of normal front page news articles, and instead a focus on subscription and advertising rate cards; the paper’s stated political stance; and prominent listings of attorneys, engineers, commission merchants, and physicians. Researchers may find the absence of front-page news items and the publisher’s stated political stance useful for understanding the newspaper’s political orientation.","Shannon, Harvey",Mississippi--Vicksburg; Pennsylvania--Philadelphia; Mississippi River,Please contact the Briscoe Center for further information regarding the use of this material.,/OCR/camh-dob-030034_0001_pub.txt,Southern Lost Cause Mentality,32.3526,-90.8779,""
camh-dob-030034_0002,camh-dob-030034,"The Vicksburg Daily Times, Volume 1, Number 237, Pages 2-3","Manlove, Thomas Bolling; Moss, Harry",image/jpeg,camh-dob-030034_0002_pub.jpg,1867-03-29,Natchez Trace Collection; Dolph Briscoe Center for American History,"Reconstruction (U.S. history, 1865-1877); Military occupation; Lost Cause mythology; Sheridan, Philip Henry, 1831-1888; Lincoln, Abraham, 1809-1865","Contains regional and national news; local news; human-interest stories; river news; notices and rewards; and advertisements. Notable articles include an editor’s note on the scarcity of the columns due to the Military Bill; a report on General Sheridan removing the Attorney General of Louisiana, the Mayor of New Orleans, and the First District Court Judge of New Orleans from their offices; reports of a meeting of African Americans who were advised to be careful with who they vote for; an opinion piece on the military occupation of the South and the belief it will not end; a report on the continuing deliberation over the adjournment of Congress; and a congressional review of the evidence surrounding the Lincoln assassination. Researchers may find the letter to the editor about the Military Bill useful for understanding the perpetuation of Lost Cause mythology, and the removal of state officials from office useful for understanding southern perceptions of the military presence in the South during the Reconstruction Era.","Shannon, Harvey",Mississippi--Vicksburg; Louisiana--New Orleans; Georgia--Savannah,Please contact the Briscoe Center for further information regarding the use of this material.,/OCR/camh-dob-030034_0002_pub.txt,Southern Lost Cause Mentality,29.9511,-90.0715,removal of New Orleans officials from office
camh-dob-030034_0003,camh-dob-030034,"The Vicksburg Daily Times, Volume 1, Number 237, Page 4","Manlove, Thomas Bolling; Moss, Harry",image/jpeg,camh-dob-030034_0003_pub.jpg,1867-03-29,Natchez Trace Collection; Dolph Briscoe Center for American History,"Reconstruction (U.S. history, 1865-1877); Advertising; Freemasonry; Kuner, Max; Hubbard, H. H.","Contains Masonic Directory; trustee’s sales; advertisements for land agents purchasing, selling, and leasing lands; advertisements for machinery, railroads, medicines, other businesses and services. Researchers may find advertisements useful for understanding contemporary medicine, machinery, etc.","Shannon, Harvey",Mississippi--Vicksburg; Louisiana--New Orleans; Missouri--Saint Louis,Please contact the Briscoe Center for further information regarding the use of this material.,/OCR/camh-dob-030034_0003_pub.txt,Southern Lost Cause Mentality,32.3526,-90.8779,""
camh-dob-030009,,"The Vicksburg Daily Times, Volume 1, Number 213","Manlove, Thomas Bolling; Moss, Harry",compound_object,camh-dob-030009_0001_pub.jpg,1867-03-01,Natchez Trace Collection; Dolph Briscoe Center for American History,"Reconstruction (U.S. history, 1865-1877); Agriculture and politics; African Americans--Suffrage; De Bow, J.D.B. (James Dunwoody Brownson), 1820-1867","Contains advertisements; regional, national, and international news; human-interest stories. Notable articles include the passing of an act regarding agriculture in the Mississippi House, in addition to news regarding African American Republicans receiving voting rights. Researchers may find these articles useful for understanding the white opinion on contemporary African American Suffrage, politics surrounding agriculture.","Shannon, Harvey",Mississippi--Vicksburg; Mississippi--Bolivar County,Please contact the Briscoe Center for further information regarding the use of this material.,"",Southern Lost Cause Mentality,32.3526,-90.8779,""
camh-dob-030009_0001,camh-dob-030009,"The Vicksburg Daily Times, Volume 1, Number 213, Page 1","Manlove, Thomas Bolling; Moss, Harry",image/jpeg,camh-dob-030009_0001_pub.jpg,1867-03-01,Natchez Trace Collection; Dolph Briscoe Center for American History,"Reconstruction (U.S. history, 1865-1877); Agriculture and politics; African Americans--Suffrage; Costar, Henry R.","Contains Vicksburg business directory; details about Vicksburg professional services; regional, national, and international news; stock information; and advertisements. Notable articles include the passing of an act regarding agriculture in the Mississippi House, in addition to news regarding African American Republicans receiving voting rights. Researchers may find these articles useful for understanding the white opinion on contemporary African American Suffrage, and politics surrounding agriculture.","Shannon, Harvey",Mississippi--Vicksburg; Pennsylvania--Philadelphia,Please contact the Briscoe Center for further information regarding the use of this material.,/OCR/camh-dob-030009_0001_pub.txt,Southern Lost Cause Mentality,32.3526,-90.8779,""
camh-dob-030009_0002,camh-dob-030009,"The Vicksburg Daily Times, Volume 1, Number 213, Pages 2-3","Manlove, Thomas Bolling; Moss, Harry",image/jpeg,camh-dob-030009_0002_pub.jpg,1867-03-01,Natchez Trace Collection; Dolph Briscoe Center for American History,"Reconstruction (U.S. history, 1865-1877); Civil war; Lost Cause mythology; Hope, James Barron 1829-1877","Contains regional and national news; human-interest stories; river news; notices and rewards; and advertisements. Notable articles include a thought piece that glorifies the memory of the Antebellum South and vilifies the Northern states as well as a fluff piece about the defeat of a wildcat. Researchers may find the article regarding the memory of the Antebellum South useful for understanding Lost Cause mythology, which permeates the tone of the piece.","Shannon, Harvey",Mississippi--Vicksburg; Mississippi--Bolivar County,Please contact the Briscoe Center for further information regarding the use of this material.,/OCR/camh-dob-030009_0002_pub.txt,Southern Lost Cause Mentality,32.3526,-90.8779,""
camh-dob-030009_0003,camh-dob-030009,"The Vicksburg Daily Times, Volume 1, Number 213, Page 4","Manlove, Thomas Bolling; Moss, Harry",image/jpeg,camh-dob-030009_0003_pub.jpg,1867-03-01,Natchez Trace Collection; Dolph Briscoe Center for American History,"Reconstruction (U.S. history, 1865-1877); Advertising; Freemasonry; Kuner, Max; Hubbard, H. H.","Contains Masonic Directory; trustee’s sales; advertisements for land agents purchasing, selling, and leasing lands; advertisements for machinery, railroads, medicines, other businesses and services. Researchers may find advertisements useful for understanding contemporary medicine, machinery, etc.","Shannon, Harvey",Mississippi--Vicksburg; Louisiana--New Orleans; Missouri--Saint Louis,Please contact the Briscoe Center for further information regarding the use of this material.,/OCR/camh-dob-030009_0003_pub.txt,Southern Lost Cause Mentality,32.3526,-90.8779,""
camh-dob-030023,,"The Vicksburg Daily Times, Volume 1, Number 226","Manlove, Thomas Bolling; Moss, Harry",compound_object,camh-dob-030023_0001_pub.jpg,1867-03-16,Natchez Trace Collection; Dolph Briscoe Center for American History,"Reconstruction (U.S. history, 1865-1877); Military occupation; Lost Cause mythology; Johnson, Andrew, 1808-1875; Wilson, Henry, 1812-1875","Contains advertisements; regional, national, and international news; human-interest stories. Notable articles include comments about military rule; Reconstruction; congressional debates about appropriation of funds to relieve destitution; expression of southern grievances. Researchers may find this commentary useful for understanding the South’s Lost Cause mythology and States' rights narratives.","Shannon, Harvey",Mississippi--Vicksburg; Louisiana--New Orleans,Please contact the Briscoe Center for further information regarding the use of this material.,"",Southern Lost Cause Mentality,32.3526,-90.8779,""
camh-dob-030023_0001,camh-dob-030023,"The Vicksburg Daily Times, Volume 1, Number 226, Page 1","Manlove, Thomas Bolling; Moss, Harry",image/jpeg,camh-dob-030023_0001_pub.jpg,1867-03-16,Natchez Trace Collection; Dolph Briscoe Center for American History,"Reconstruction (U.S. history, 1865-1877); Military occupation; Fenian Brotherhood; Wilson, Henry, 1812-1875; Schofield, John McAllister, 1831-1906","Contains Vicksburg business directory; details about Vicksburg professional services; news covering stock information; regional, national, and international news; human-interest stories; and advertisements. Notable articles include the paper’s stated political stance; news about Congress debating the Military Bill and different politicians’ arguments for or against appropriating $1,000,000 to relieve the destitution of the South, whether the money should go to rebels’ widows and children instead of to rebels, whether the money will go to the Freedmen’s Bureau, and comments about ending the comparisons between southerners and the Irish Fenians. Researchers may find the reporting about debates regarding the Military Bill useful for understanding the continuing tension between the North and the South in the aftermath of the Civil War, and comments about southerners and the Irish useful for understanding the South’s affinity with the Irish Fenians rebelling against British rule.","Shannon, Harvey",Mississippi--Vicksburg; Ireland,Please contact the Briscoe Center for further information regarding the use of this material.,/OCR/camh-dob-030023_0001_pub.txt,Southern Lost Cause Mentality,53.3498,-6.2603,comparisons between southerners and the Irish Fenians
camh-dob-030023_0002,camh-dob-030023,"The Vicksburg Daily Times, Volume 1, Number 226, Pages 2-3","Manlove, Thomas Bolling; Moss, Harry",image/jpeg,camh-dob-030023_0002_pub.jpg,1867-03-16,Natchez Trace Collection; Dolph Briscoe Center for American History,"Reconstruction (U.S. history, 1865-1877); Military occupation; Racism; Lincoln, Abraham, 1809-1865; Johnson, Andrew, 1808-1875","Contains regional and national news; human-interest stories; river news; notices and rewards; and advertisements. Notable articles include comments about northerners invading the South to steal its riches, encouraging slaves to go North, and how the North devised a plan to divide the South into districts and continue to rob its riches after the war; and an excerpt from The Charleston Mercury about the Military Bill’s purpose to destroy or remove white people from the South. Researchers may find the comments about the North stealing the South’s resources useful for understanding the continuing tension between the North and the South in the aftermath of the Civil War, and the comments about the North's alleged goal to remove white people from the South useful for understanding persistent racism in the South during Reconstruction.","Shannon, Harvey",Mississippi--Vicksburg; South Carolina--Charleston,Please contact the Briscoe Center for further information regarding the use of this material.,/OCR/camh-dob-030023_0002_pub.txt,Southern Lost Cause Mentality,32.7765,-79.9311,excerpt from The Charleston Mercury
camh-dob-030023_0003,camh-dob-030023,"The Vicksburg Daily Times, Volume 1, Number 226, Page 4","Manlove, Thomas Bolling; Moss, Harry",image/jpeg,camh-dob-030023_0003_pub.jpg,1867-03-16,Natchez Trace Collection; Dolph Briscoe Center for American History,"Reconstruction (U.S. history, 1865-1877); Advertising; Freemasonry; Kuner, Max; Hubbard, H. H.","Contains Masonic Directory; trustee’s sales; advertisements for land agents purchasing, selling, and leasing lands; advertisements for machinery, railroads, medicines, other businesses and services. Researchers may find advertisements useful for understanding contemporary medicine, machinery, etc.","Shannon, Harvey",Mississippi--Vicksburg; Louisiana--New Orleans; Missouri--Saint Louis,Please contact the Briscoe Center for further information regarding the use of this material.,/OCR/camh-dob-030023_0003_pub.txt,Southern Lost Cause Mentality,32.3526,-90.8779,""
camh-dob-030035,,"The Vicksburg Daily Times, Volume 1, Number 238","Manlove, Thomas Bolling; Moss, Harry",compound_object,camh-dob-030035_0001_pub.jpg,1867-03-30,Natchez Trace Collection; Dolph Briscoe Center for American History,"Reconstruction (U.S. history, 1865-1877); Military occupation; Lost Cause mythology; Sheridan, Philip Henry, 1831-1888; Manlove, Thomas Bolling","Contains advertisements; regional, national, and international news; human-interest stories. Notable articles include the paper’s stated political stance; an opinion piece sharing the upset felt in Vicksburg that confederate army members cannot hold office; an excerpt describing the experience of the deposed Mayor of New Orleans; and an opinion piece with a colorful description of the dark political horizon due to Radical Republicans. Researchers may find the directory and publisher’s description useful for understanding Vicksburg’s commercial landscape and the newspaper’s orientation; the opinion pieces and the removal of state officials from office useful for understanding Southern perceptions of the military presence in the South during the Reconstruction Era.","Shannon, Harvey",Mississippi--Vicksburg; Ireland; Louisiana--New Orleans,Please contact the Briscoe Center for further information regarding the use of this material.,"",Southern Lost Cause Mentality,29.9511,-90.0715,excerpt describing the experience of the deposed Mayor of New Orleans
camh-dob-030035_0001,camh-dob-030035,"The Vicksburg Daily Times, Volume 1, Number 238, Page 1","Manlove, Thomas Bolling; Moss, Harry",image/jpeg,camh-dob-030035_0001_pub.jpg,1867-03-30,Natchez Trace Collection; Dolph Briscoe Center for American History,"Reconstruction (U.S. history, 1865-1877); Advertising; States' rights (American politics); Lee, John; Slaughter, R. C.","Contains Vicksburg business directory; details about Vicksburg professional services; a description of The Vicksburg Times; and advertisements. Notable articles include the absence of normal front-page news articles, and instead a focus on subscription and advertising rate cards; the paper’s stated political stance; and prominent listings of attorneys, engineers, commission merchants, and physicians. Researchers may find the absence of front-page news items and the publisher’s stated political stance useful for understanding the newspaper’s political orientation.","Shannon, Harvey",Mississippi--Vicksburg; Pennsylvania--Philadelphia; Louisiana--New Orleans,Please contact the Briscoe Center for further information regarding the use of this material.,/OCR/camh-dob-030035_0001_pub.txt,Southern Lost Cause Mentality,32.3526,-90.8779,""
camh-dob-030035_0002,camh-dob-030035,"The Vicksburg Daily Times, Volume 1, Number 238, Pages 2-3","Manlove, Thomas Bolling; Moss, Harry",image/jpeg,camh-dob-030035_0002_pub.jpg,1867-03-30,Natchez Trace Collection; Dolph Briscoe Center for American History,"Reconstruction (U.S. history, 1865-1877); Military occupation; Radicalism; Sheridan, Philip Henry, 1831-1888; Monroe, John T., 1822-1871","Contains regional, national, and international news; human-interest stories; river news; notices and rewards; and advertisements. Notable articles include an opinion piece sharing the upset felt in Vicksburg that confederate army members cannot hold office; an excerpt describing the experience of the deposed Mayor of New Orleans; an opinion piece with a colorful description of the dark political horizon due to Radical Republicans; and reports on the conflicts of a war in Ireland. Researchers may find the opinion pieces and the removal of state officials from office useful for understanding Southern perceptions of the military presence in the South during the Reconstruction Era.","Shannon, Harvey",Mississippi--Vicksburg; Ireland; Louisiana--New Orleans,Please contact the Briscoe Center for further information regarding the use of this material.,/OCR/camh-dob-030035_0002_pub.txt,Southern Lost Cause Mentality,53.3498,-6.2603,reports on the conflicts of a war in Ireland; experience of deposed Mayor of New Orleans
camh-dob-030035_0003,camh-dob-030035,"The Vicksburg Daily Times, Volume 1, Number 238, Page 4","Manlove, Thomas Bolling; Moss, Harry",image/jpeg,camh-dob-030035_0003_pub.jpg,1867-03-30,Natchez Trace Collection; Dolph Briscoe Center for American History,"Reconstruction (U.S. history, 1865-1877); Advertising; Freemasonry; Kuner, Max; Hubbard, H. H.","Contains Masonic Directory; trustee’s sales; advertisements for land agents purchasing, selling, and leasing lands; advertisements for machinery, railroads, medicines, other businesses and services. Researchers may find advertisements useful for understanding contemporary medicine, machinery, etc.","Shannon, Harvey",Mississippi--Vicksburg; Louisiana--New Orleans; Missouri--Saint Louis,Please contact the Briscoe Center for further information regarding the use of this material.,/OCR/camh-dob-030035_0003_pub.txt,Southern Lost Cause Mentality,32.3526,-90.8779,""
camh-dob-030022,,"The Vicksburg Daily Times, Volume 1, Number 225","Manlove, Thomas Bolling; Moss, Harry",compound_object,camh-dob-030022_0001_pub.jpg,1867-03-15,Natchez Trace Collection; Dolph Briscoe Center for American History,"Reconstruction (U.S. history, 1865-1877); Military occupation; States' rights (American politics); Johnson, Andrew, 1808-1875; Grant, Ulysses S., 1822-1885","Contains advertisements; regional, national, and international news; human-interest stories. Notable articles include comments about military rule and Reconstruction; and news about the appropriation of funds to relieve destitution of the South and African Americans living in Washington, D.C. Researchers may find commentary about States' rights, Reconstruction and the Military Bill useful for understanding the South’s Lost Cause mythology and States' rights narratives; and news about appropriating funds for destitution useful for understanding economic hardship in the Reconstruction era.","Shannon, Harvey",Mississippi--Vicksburg; Tennessee--Memphis,Please contact the Briscoe Center for further information regarding the use of this material.,"",Southern Lost Cause Mentality,32.3526,-90.8779,""
camh-dob-030022_0001,camh-dob-030022,"The Vicksburg Daily Times, Volume 1, Number 225, Page 1","Manlove, Thomas Bolling; Moss, Harry",image/jpeg,camh-dob-030022_0001_pub.jpg,1867-03-15,Natchez Trace Collection; Dolph Briscoe Center for American History,"Reconstruction (U.S. history, 1865-1877); Military occupation; African Americans--Social conditions; United States. Congress","Contains Vicksburg business directory; details about Vicksburg professional services; news covering stock information; regional, national, and international news; human-interest stories; and advertisements. Notable articles include news about a bill for the appropriation of $1,000,000 toward relieving the destitution of the South and a joint resolution for the appropriation of $15,000 for relieving the destitution of African Americans in Washington, D.C. Researchers may find comments about appropriating funds toward relieving destitution in the South useful for understanding the difficult conditions experienced in the South during Reconstruction, and comments about appropriating funds toward relieving destitution experienced by African Americans useful for understanding the ongoing difficulty experienced by African Americans living outside of the South, many of whom recently migrated north.","Shannon, Harvey",Mississippi--Vicksburg; Washington (D.C.),Please contact the Briscoe Center for further information regarding the use of this material.,/OCR/camh-dob-030022_0001_pub.txt,Southern Lost Cause Mentality,32.3526,-90.8779,""
camh-dob-030022_0002,camh-dob-030022,"The Vicksburg Daily Times, Volume 1, Number 225, Pages 2-3","Manlove, Thomas Bolling; Moss, Harry",image/jpeg,camh-dob-030022_0002_pub.jpg,1867-03-15,Natchez Trace Collection; Dolph Briscoe Center for American History,"Reconstruction (U.S. history, 1865-1877); Military occupation; Racism; Johnson, Andrew, 1808-1875; Grant, Ulysses S., 1822-1885","Contains regional and national news; human-interest stories; river news; notices and rewards; and advertisements. Notable articles include news about a dinner hosted by the President attended by Senators, Representatives, and Generals to discuss appointments to the five military districts in the South; comments about how the military government imposed on the South is creating revolutionary conditions; shaming South Carolina for acquiescing to military rule by participating in selection of a Brigadier in Washington; disparaging remarks about governor of Georgia also acquiescing to military rule. Researchers may find the description of African Americans who helped erect the statue of Chief Justice Marshall useful for understanding persistent racism in the South during Reconstruction; comments about a potential revolution in response to military rule useful for understanding southern perceptions of the military presence in the South during Reconstruction; and comments about South Carolina and Georgia useful for understanding divisions between southern states and disagreement over how to respond to military rule.","Shannon, Harvey",Mississippi--Vicksburg; Tennessee--Memphis; South Carolina,Please contact the Briscoe Center for further information regarding the use of this material.,/OCR/camh-dob-030022_0002_pub.txt,Southern Lost Cause Mentality,33.8361,-81.1637,shaming South Carolina for acquiescing to military rule
camh-dob-030022_0003,camh-dob-030022,"The Vicksburg Daily Times, Volume 1, Number 225, Page 4","Manlove, Thomas Bolling; Moss, Harry",image/jpeg,camh-dob-030022_0003_pub.jpg,1867-03-15,Natchez Trace Collection; Dolph Briscoe Center for American History,"Reconstruction (U.S. history, 1865-1877); Advertising; Freemasonry; Kuner, Max; Hubbard, H. H.","Contains Masonic Directory; trustee’s sales; advertisements for land agents purchasing, selling, and leasing lands; advertisements for machinery, railroads, medicines, other businesses and services. Researchers may find advertisements useful for understanding contemporary medicine, machinery, etc.","Shannon, Harvey",Mississippi--Vicksburg; Louisiana--New Orleans; Missouri--Saint Louis,Please contact the Briscoe Center for further information regarding the use of this material.,/OCR/camh-dob-030022_0003_pub.txt,Southern Lost Cause Mentality,32.3526,-90.8779,""
